{"train": [1.0620836101121995, 1.044300718844836, 1.043865015809263, 1.0418933389349754, 1.0407547035995794, 1.0382839646610202, 1.0399312309914177, 1.0395877637319473, 1.0391417653241195, 1.039437885589058, 1.0369347787580345, 1.0369325893371637], "val": [0.9509509130024616, 0.915981740495305, 1.134668219862161, 1.010877623749368, 0.9540812533578755, 0.962274467209239, 0.9607599848582421, 1.0727600778326576, 0.9700353682777028, 1.0076318305951577, 1.0285149409447187, 0.9774262304659243]}