{"train": [0.0021064018348881442, 0.0017378138834833702, 0.0017100675059639465, 0.0016965675600758938, 0.0016886257524366599, 0.0016754483210357583, 0.001680211689687411, 0.001672634405820253, 0.00166538375488275, 0.0016659304436873446, 0.001663214504799765, 0.0016636036873564535, 0.0016621727895110635, 0.0016585256627528616, 0.001659899994145464, 0.0016590707167588876, 0.001657757228816766, 0.0016584039439229061, 0.0016566132936653942, 0.001657174841563623, 0.0016582958013713425, 0.0016560165690648193, 0.001654073702685449, 0.001653951681909063, 0.0016534637071410428, 0.0016540307441146626, 0.0016523638280718435], "val": [0.001485064566526332, 0.0014832382048710169, 0.0014749014794677036, 0.0014766479859611502, 0.0015434929570700558, 0.001476190998621377, 0.0014740093767838438, 0.001478807645401469, 0.0015033092352642137, 0.001491838178948074, 0.0015291336903716494, 0.001483176779979265, 0.0014756623861080977, 0.0014809385458018952, 0.0015030622598715127, 0.001469673027491404, 0.001466607925321125, 0.001475027527079492, 0.0014768308350517425, 0.0014705283307171438, 0.0014720843315848874, 0.0014728014127431829, 0.0014742793082719507, 0.0014878717790081822, 0.00148702382820049, 0.00148913801782822, 0.00147505013982156]}