{"train": [0.0027537770360665267, 0.0023752418421179936, 0.0023300596170012524, 0.00233724912081679, 0.0022994640848009343, 0.002294729261614875, 0.0022955769211460424, 0.002286277574915918, 0.002269939511201238, 0.002289403869456239, 0.002274072378782511, 0.002278894526857516, 0.0022757309691206996, 0.0022805870473450967, 0.0022690299667517994, 0.0022712635854641333, 0.0022657618487704986, 0.0022749944255247667, 0.0022615399080251793, 0.0022660220308789608, 0.002258784889828512], "val": [0.0020716467961370026, 0.0020732724217031105, 0.002231995510167362, 0.001978949167087306, 0.0019773721881785693, 0.002004620613081864, 0.0019871214726640855, 0.0020068834461041806, 0.00198828163470521, 0.002029296169689868, 0.001970021196146622, 0.0020512266377745955, 0.0020169504006956646, 0.0019880985846903957, 0.0020298937214883388, 0.001994543115861346, 0.001972100549998383, 0.0019903357675368034, 0.0019843597321506637, 0.0020006729804416313, 0.0019819518281031906]}