{"train": [0.0018057760459531229, 0.0016978666780081834, 0.0016901483086822844, 0.0016765229702293343, 0.001675384814959241, 0.001671480376623776, 0.0016627229052697439, 0.001667490912586477, 0.0016580813532131589, 0.0016720979579021129, 0.0016591717379879183, 0.0016568172189605174, 0.0016569602749345142, 0.001657719487454924, 0.0016614994726878423, 0.001654576196541023, 0.0016529940064693202, 0.0016531538206070806, 0.0016541110807116628, 0.0016508313825718823, 0.0016527616504221137, 0.001651290189016184], "val": [0.0014842040247548326, 0.0015408058915241266, 0.001479330763830171, 0.0014737099386107773, 0.001528913973842138, 0.0015060498634997157, 0.0014725742853005175, 0.0014688439570930728, 0.0014653560967058128, 0.0014686035215107287, 0.00146567859330479, 0.0014653302766497673, 0.0014673179356139844, 0.0015328430980271488, 0.0014836187595156608, 0.0014805136538789045, 0.0014802522237274659, 0.001472278413604255, 0.0014684219143272917, 0.0014681348421921334, 0.001466840090672773, 0.0014809677749584762]}