{"train": [0.002450404571288306, 0.0022949892361487237, 0.0022845927345185907, 0.0022841417026964695, 0.0022714783197282065, 0.002268142417174894, 0.0022656417384656095, 0.002266544298068046, 0.002265447616401957, 0.002266316840316879, 0.0022628578002884415, 0.002261914448819215, 0.0022681331159935367, 0.002256854209615481, 0.002256720957549548, 0.0022577070131027757, 0.0022562353911428665, 0.0022544467828948026, 0.0022564066245080944, 0.002254518172437178, 0.002257362136936696, 0.0022554670869990084, 0.0022529047028597084, 0.0022514761471005276, 0.0022529414331901175, 0.0022507983736983917, 0.0022519442451970706, 0.002252794999557778, 0.0022511462800819575, 0.0022500343365221224, 0.002250868870132787, 0.002249192378790297], "val": [0.0020578296007128594, 0.0019814418062544716, 0.00205861198209962, 0.001988050091241337, 0.002092401704026593, 0.0020438499303166695, 0.00197322947277837, 0.00197393164228372, 0.0019782522431701236, 0.0019989972781780875, 0.0019959325976899745, 0.0020183412576623167, 0.0019867999237720615, 0.001984768045813213, 0.001988712035947376, 0.001970070077071863, 0.0019780521924940894, 0.00197845486878061, 0.0019732122545211036, 0.0019848215272995056, 0.001980940679686121, 0.0019700474582934452, 0.0019804015295741, 0.0019781069519619146, 0.0019804905246322353, 0.001970179644298314, 0.0019800759325907737, 0.0019771446212321336, 0.0019720129335276137, 0.0019766288197219923, 0.0019735705610479655, 0.001970893564277593]}