{"train": [1.0531991552016116, 1.0471164467594956, 1.0422860587288452, 1.0422251819400736, 1.040615920282193, 1.042362550580618, 1.0420231202004118, 1.0390259866282912, 1.0364429368101187, 1.038378366587325, 1.0376798067456765, 1.0383992469088632, 1.0348453049122388, 1.029886096245225, 1.0321880305247066, 1.0298440721252902], "val": [1.0848292231927683, 0.9978167997466193, 0.9508874542919206, 0.9579368822368575, 0.949094299769696, 0.9308459914760825, 0.9917421560228606, 0.9747504187218937, 0.9876095495106262, 0.9531954814622432, 0.9778470738434497, 1.0034594852983216, 0.9401413204493346, 0.9423298583354479, 0.9702304515573713, 0.9573397031536809]}