{"train": [0.0025464988629289877, 0.002345687378538374, 0.002314261688802064, 0.0022934399137377556, 0.002295948276849928, 0.0022789461192668325, 0.0022812683279369896, 0.0022814512442047075, 0.0022773009486093177, 0.002282470000264034, 0.0022696569135549753, 0.0022730686590687007, 0.0022732906373459003, 0.00227094921002457, 0.0022717945314051306, 0.0022622228919529663, 0.0022661869955425146, 0.0022661535382541864, 0.002267345200547289, 0.002262300947481087, 0.002260253122266458, 0.0022584460476560465, 0.0022693999905383814, 0.0022581657713746854], "val": [0.0021066397836684812, 0.002008344759060829, 0.002105443070953091, 0.0019894079480573166, 0.0020196992464156615, 0.002022820465370185, 0.0020001412691249523, 0.001976729494255082, 0.0019783262057045913, 0.0020613815347997493, 0.001969319104251486, 0.0021320556112231666, 0.001976928250565205, 0.001966379772020895, 0.0019694420905714788, 0.001999677407244841, 0.002011863398653122, 0.0019690579536405426, 0.001976655060310423, 0.001987805190484649, 0.0019848304869676077, 0.002037893346062413, 0.001984959708262281, 0.0019750188423872544]}