{"train": [0.0018997349430077248, 0.001732433604304997, 0.0016899208440309013, 0.0016816034706779643, 0.001678897469279091, 0.0016729862123030339, 0.0016714815486275393, 0.0016653992472313174, 0.0016710935428262603, 0.001681207468925943, 0.0016669857338031204, 0.0016654946484512914, 0.0016589039905362836, 0.0016567440883247405, 0.0016567944236241857, 0.0016570196790908264], "val": [0.0015587256731247, 0.001499953789257065, 0.0014727144755055138, 0.0014879580479356701, 0.001467412781763684, 0.0014664548646118262, 0.0014732954816685782, 0.0014676574854766604, 0.0014709362648082551, 0.0014949431379877583, 0.0015084318441545798, 0.0014820948493218533, 0.0015425209877265181, 0.001506044105540409, 0.0014870482310077842, 0.0014913642937087535]}