{"train": [1.0636647026625585, 1.0448027797790365, 1.0438453200123643, 1.0423236839519525, 1.0434539733043051, 1.0435292251573374, 1.0380405944749753, 1.046045816510572, 1.0364472436555847, 1.0422480560026024, 1.0382879122655373, 1.0426487811286573, 1.0380330078773194, 1.0376566737969575, 1.038373623575483, 1.0356389098180112, 1.0350358276104863, 1.0330831561240879, 1.0349530055656195], "val": [1.0137859419540123, 0.9454935477839576, 0.9833944657702505, 0.9927571831661978, 0.9503338666609776, 0.9370641164573622, 1.0211553025392839, 0.9874373043024981, 0.9197814251905606, 0.9691904809003995, 0.9930939514695862, 0.943959328495426, 0.9444515610918587, 1.2165873716642828, 0.9770406246921163, 0.9985712394302274, 1.0159149587154388, 1.031835823956831, 0.9565132783518897]}