{"train": [0.0017441848156182053, 0.0016756158556785854, 0.001668686143861391, 0.0016651376572721856, 0.0016664788282303653, 0.0016698257699931088, 0.0016674608445851116, 0.0016588305155637144, 0.001661918929405345, 0.0016581604773399337, 0.0016564574577759277, 0.0016577724764452455, 0.0016600932187265233, 0.0016545089899137543, 0.0016543022782509584, 0.0016534905689797417, 0.001655474982169451, 0.0016539363924661006], "val": [0.0014858314960068206, 0.0014730589830799512, 0.001475432624804707, 0.0015443162091455802, 0.0014690484595772477, 0.0014748875140844855, 0.0014824043367242003, 0.001464132151141027, 0.0014849331814876217, 0.0015028961748747086, 0.0014674930767167682, 0.001466952028028943, 0.0014706047841083305, 0.0014648438858178754, 0.0014761097068082035, 0.0014679539240149344, 0.001465653527505052, 0.0014746085144176986]}