{"train": [1.0648836068485095, 1.0468462982956244, 1.0408193603276994, 1.0410831874677748, 1.042749786207712, 1.041763029420069, 1.0405480376787701, 1.039832394823313, 1.0405646343303128, 1.0366858314283145, 1.0355833964000896, 1.0436548552369267, 1.0368559788472904, 1.03594153663598, 1.0342937129730658, 1.0356991180034476, 1.0318567193072774, 1.0316772595272725, 1.0301606971073065], "val": [0.9406817042533262, 0.9471433342239003, 0.9835219815925316, 1.02764559822318, 0.9608797852639799, 0.9400733271498739, 0.9499363607830471, 0.9376154219662701, 0.9248572609306853, 0.9587611819490974, 0.9515516752814069, 0.9322985132535299, 0.9873677368517275, 1.015145860961926, 0.9411898501861242, 0.958121034981292, 0.978356467868075, 0.9633541955624098, 0.9708865942778411]}