{"train": [0.001934425236356462, 0.0017080462339582928, 0.0016905602547521896, 0.0016878010597271712, 0.0016813462838520623, 0.0016756686799624023, 0.0016703878748565318, 0.001666852711055745, 0.0016610551954696605, 0.001665766910193678, 0.0016622695803085298, 0.0016607003983733276, 0.0016577026944931022, 0.0016578364584094183, 0.0016581325463886796, 0.001658103561537884, 0.0016568648501938934, 0.001656460903447366, 0.0016541089590656644, 0.0016541170080695649, 0.0016551508770275534, 0.0016549635063398203, 0.001653145854431597, 0.0016528870262581187, 0.0016514097672607007, 0.0016538152166872806, 0.0016519421706399232, 0.0016545896741091384, 0.0016567603638478305, 0.001653877418437029, 0.0016546504905888648, 0.0016531098923286854, 0.0016499145029913451, 0.001651884193785039, 0.0016499010262599327, 0.001653896946998804, 0.0016502904507993475, 0.0016492083417904541, 0.0016496664281125068, 0.0016511035292572983, 0.001649384999252317, 0.001649009264318046, 0.0016514459794912794, 0.0016477175560763756, 0.0016505184721783426, 0.0016484793666262632, 0.001649571058589109, 0.0016500538268755416, 0.001648114675394827, 0.0016473653667194053], "val": [0.0014813130330524327, 0.0015085794035931705, 0.0015086224866042166, 0.0015035151948083053, 0.0014713754151648854, 0.0014732692403615349, 0.0014732167803118994, 0.0014971716851168485, 0.0014694983807944314, 0.001465593401722058, 0.0014924263581633569, 0.001479292551147533, 0.0014755202851108747, 0.001483080359491991, 0.00147230024435155, 0.001470021175559794, 0.0014963701772676022, 0.0014679840768767913, 0.0014712893875476756, 0.0014651653983480768, 0.0014724916838868348, 0.0014683318078621394, 0.0014860292681044452, 0.001467027240231587, 0.0014682481729390996, 0.0014640724282125356, 0.0014663447040984016, 0.0014872621338136126, 0.0014675878268597578, 0.0014672634243551228, 0.001468075057319193, 0.0014658891662012463, 0.0014710523195300296, 0.0014713892282021267, 0.001463305573898977, 0.0014683431431214199, 0.0014703998523246911, 0.0014647423848797234, 0.0014661147536560433, 0.0014679463895003277, 0.0014630847935346357, 0.0014703219435982591, 0.0014682855750261634, 0.0014634943077122264, 0.0014702855436890213, 0.0014712266299160726, 0.0014642886729784494, 0.0014676802044297443, 0.0014683112622825084, 0.0014665690484962622]}