{"train": [0.0020418181732153773, 0.0017462578662408776, 0.0017083289899996348, 0.0016941768732070658, 0.0016894111660277734, 0.0016731833110248608, 0.0016806672297471005, 0.0016714708352363946, 0.0016629034218633714, 0.001667420930244002, 0.001666593247922939, 0.0016606813764402902, 0.001657970990496419, 0.0016566797376535139, 0.0016611151692036874], "val": [0.0015466058176919174, 0.001597124524558262, 0.0015227392821768183, 0.0015281908928393673, 0.0014709742458100304, 0.001564119210075817, 0.0015310557462838421, 0.001495756180583281, 0.0014819804489911523, 0.0014924814195924059, 0.0014759915416634837, 0.0014867075036256862, 0.00148755709172146, 0.0014875082756151204, 0.0014829141579361426]}