{"train": [0.0023805344476159613, 0.0022967140321283473, 0.0022917675331370043, 0.0022762521706602497, 0.002275058821770474, 0.0022683176874557466, 0.002269821014699874, 0.002267858500451101, 0.00226434919809197, 0.00226251487954856, 0.002258282632535173, 0.002268689552029907, 0.0022595264834245235, 0.0022551877534028536, 0.0022551764097782025, 0.002260611953045231], "val": [0.0021535002218306433, 0.0019735231150493577, 0.0019803182880198697, 0.001980789009205721, 0.0019969580169008285, 0.001968188042016585, 0.0020037842572402254, 0.0020043894108154893, 0.001988357931295019, 0.0020369151497926607, 0.001986916269244695, 0.001978465169955643, 0.001983350200038173, 0.001983527844932712, 0.002020128761464155, 0.0019988050141061344]}