{"train": [1.0636591717005834, 1.04856731538341, 1.0432324514837528, 1.0438474592743665, 1.0387101897753332, 1.0379807158286527, 1.0425161327740315, 1.0388652790407216, 1.040140813869402, 1.0385225939348723, 1.038889031655617, 1.039519253111351, 1.037078184814927, 1.0363385047337177, 1.0354146906730868, 1.0365565999377164, 1.0361258823255997, 1.0347764636418835, 1.0320469335422329, 1.0314065075597618, 1.031499787289798, 1.0330381110376665], "val": [0.9437360094653235, 0.9431983259724982, 0.980985074573093, 0.9447349050162751, 0.9572686156372965, 0.9414322761105902, 0.9434454406485145, 0.9659968575577677, 0.9583201112570586, 0.9837463779213987, 0.9634107912764137, 0.926012200705799, 0.9531642854949575, 0.993287906234647, 0.93134175222597, 0.9576562195648382, 0.9446068966094359, 0.9639024496814351, 0.9610241210755007, 0.9849457953447177, 0.9831695643472083, 0.9454420065438306]}