{"train": [0.0025545524781778084, 0.0023363340951786595, 0.002327275603438191, 0.0022987393677001613, 0.002280284228595015, 0.0022820372265840434, 0.002287774825042664, 0.002272000884886801, 0.002263601227583299, 0.002262659878209696, 0.0022628737465741266, 0.0022611366365494962, 0.0022621205326036685, 0.002261194460236111, 0.0022613312595605706, 0.0022646903576446697, 0.002258221742477245, 0.002259812887324997, 0.002258734692639267, 0.0022560655219028367, 0.0022568526383185267, 0.0022559712111235933], "val": [0.0021025155185158424, 0.001972587670510014, 0.0019763432862811986, 0.002006218312193214, 0.0019875380598629515, 0.002058805848391336, 0.001995244269247776, 0.002005701023441406, 0.0020349598437961604, 0.0019958362210380992, 0.002003566427213818, 0.001971493713143799, 0.001987513774764483, 0.0020410053302637407, 0.0019861942645806223, 0.0019889193862952566, 0.002006060420535505, 0.0019839800054920306, 0.0019800173248060876, 0.001997899904237761, 0.0020099101470277447, 0.0020171701413705763]}