{"train": [1.0485304591924403, 1.0466709338465727, 1.0398854700146043, 1.048755644651885, 1.0390047474571742, 1.0393324089663794, 1.0416469324238022, 1.040365466203114, 1.0388341540716979, 1.0366734812612965, 1.0378141692706517], "val": [0.9176341202523973, 1.0866249297136141, 1.1134216252300475, 0.9374336357469912, 0.9576014291357111, 1.0658707345341458, 0.9654634054796195, 0.9723988522717982, 0.950695448525158, 0.979499559637941, 1.013504045245088]}