{"train": [0.001917258718570805, 0.0017126120150470635, 0.0016998519011159174, 0.0016940910740922425, 0.001680201432480086, 0.0016817793974503313, 0.0016751045291435996, 0.0016662664742464366, 0.0016719232939312626, 0.0016698065666608287, 0.0016648395270433115, 0.0016646339883242783, 0.0016628033287960377, 0.0016620617522258962, 0.0016615658102287665, 0.0016683436819858776, 0.0016620413960513809, 0.0016607597526063697, 0.001659437081282388, 0.0016642251570924732, 0.001661550911711967, 0.0016639201537835698, 0.0016625670736412639, 0.0016641912655450384, 0.0016552670502220383, 0.0016528501460029551, 0.001652618729201176, 0.00165506989824046], "val": [0.0015064243506065305, 0.001645984300440982, 0.001481962598785528, 0.0014922005615921484, 0.001532533944061279, 0.0014786973530944022, 0.001494287652319964, 0.00147737874534487, 0.0015533385805521207, 0.0014790253100031411, 0.0014783155775261055, 0.0014969275144710676, 0.0014761549907874455, 0.0014865542279073485, 0.0015929572840428187, 0.0014839917480267216, 0.0014812508230040104, 0.0014671787483054271, 0.001469716610369721, 0.0014809514102698477, 0.0014799664624863202, 0.0014766571025743528, 0.0015742504150020303, 0.0015157537595196454, 0.0014695332108214958, 0.0014738583865426022, 0.0014788899326375054, 0.0015151690487623399]}