{"train": [0.002638770049432096, 0.002321157977191571, 0.00230868244963056, 0.002297518825461756, 0.0022964954436545944, 0.002286543993621456, 0.002297721530154625, 0.002286711102020997, 0.00227270045812707, 0.0022704626238733835, 0.002264769151852282, 0.0022653619017528027], "val": [0.0020078685059913516, 0.001986344630634527, 0.001986542271082232, 0.0019874447672110465, 0.002074171352648625, 0.002035499534305231, 0.0020045497638667806, 0.001989141027558089, 0.0019928857787615724, 0.0020303216038478743, 0.001999519794121569, 0.0020100066921225302]}