{"train": [1.0600304070519682, 1.04615615160992, 1.0451325160164482, 1.0467783726520419, 1.0487500417835436, 1.045343128679702, 1.044924885261979, 1.0442429261865507, 1.04506708083157, 1.0407290670706724, 1.0356900838908625, 1.038324773888093, 1.037777830230629], "val": [0.9694948779212104, 0.9229137261708578, 0.9112160529619382, 1.0689412633945912, 0.9348479911133095, 1.0811392586172364, 0.9639266201007514, 0.9623303484769515, 0.9201214595341388, 0.9959256678451727, 0.9863598203217542, 0.9587230210686908, 1.0161661857440147]}