{"train": [0.002395128065446671, 0.0022957758704066516, 0.0022776657579708, 0.0022738406049358693, 0.0022715150600525666, 0.002275595070336414, 0.0022706736399384733, 0.002267926858123243, 0.0022648771403988737, 0.0022651519685464696, 0.002268381315608242, 0.0022652875388164267, 0.002265904598157463, 0.0022676417838778766, 0.002270536945294837, 0.002268086377276767, 0.002270881157919406, 0.0022569871886063964, 0.0022613211169453815, 0.0022570524281142865, 0.0022602780410125784, 0.0022581726234131875, 0.002252877226039253, 0.002280685481406292, 0.0022573395266124075, 0.0022532787931150862, 0.0022528514583599643, 0.0022550853719635676, 0.002256286644646212, 0.0022534477741795508, 0.0022513010805619827, 0.0022551579490558515, 0.0022544708422747935, 0.002257518270305013, 0.002250983334950501, 0.002249960989869814, 0.002250828473220729, 0.002246607147477825, 0.0022496666573938364], "val": [0.0020122563805615094, 0.002093248171329406, 0.002004536600024612, 0.0020434392458057882, 0.0019841416727429556, 0.0019895924329987645, 0.001987680360490893, 0.001973617527300469, 0.001985344297919468, 0.0019786835906820165, 0.0020027444741033294, 0.0020092358395894187, 0.001994485525920251, 0.001972090952489295, 0.0019749553500456206, 0.0019688106719749393, 0.0019898217430131303, 0.001998620363883674, 0.001975238098429493, 0.002051766858332687, 0.00199144259152681, 0.001987973629657961, 0.001967184723607828, 0.0019683441733596503, 0.0019730855998249704, 0.001988300163425321, 0.001971373528552552, 0.001977028997534495, 0.0019661762435449126, 0.001976087995528899, 0.0019760322777186462, 0.001971718078525162, 0.0019669349569781326, 0.001966734691005614, 0.001971503740383519, 0.0019667368965729337, 0.001966845421810393, 0.001971336784715086, 0.001976102412344865]}