{"train": [0.0017433678277230225, 0.0016868882449161998, 0.0016749513278093054, 0.0016676320594395805, 0.0016656351524893568, 0.0016658462587840683, 0.0016598479782818703, 0.0016612082069653756, 0.0016620793720515579, 0.0016618882044889495, 0.0016607453055682278, 0.0016599985658701016, 0.0016580210203476773, 0.0016581878040858545, 0.0016571664421619994, 0.0016627300557116014, 0.0016671936667318511, 0.0016560698461856448, 0.0016558287884598348, 0.0016569235472846527, 0.0016521853824933625, 0.0016543419309364947, 0.0016557584359073398, 0.0016533135075401846], "val": [0.0014887151490885443, 0.0015713655841134396, 0.0014769619658451388, 0.0015136630699774366, 0.0014800087856358768, 0.0014687085259751773, 0.0014779339367696257, 0.001471038624920227, 0.0014888931905137903, 0.0014673561526083007, 0.0014753203131948355, 0.0014660079921825708, 0.001472144241783952, 0.0014655539162319016, 0.0014773414359588958, 0.0014875278349701362, 0.0014941869800864363, 0.001471438952922867, 0.0014751615949883414, 0.001465558267434208, 0.0014839503349287919, 0.001470137368830174, 0.0014828322449538076, 0.0014686887659833847]}