{"train": [1.0561615366214339, 1.0523431605433826, 1.0447778255302713, 1.0486907093103945, 1.0433785711227526, 1.0421646358698158, 1.0427401521878636, 1.0404486340554076, 1.0400376626211876, 1.0381529557144313, 1.0359422777538925, 1.038003387140191], "val": [1.445764992027371, 0.9113862847104485, 0.9398614366113404, 0.922809127598633, 0.9195101342083495, 0.9141323417793086, 0.9497966316011217, 0.971507708231608, 0.9291177967448293, 0.9539925517859282, 0.9621353989765968, 0.9459024012088776]}