{"train": [1.062615501922956, 1.0456291933448947, 1.0432121043302576, 1.049409585900294, 1.0424077880996037, 1.0401536642077123, 1.0430578600334297, 1.042003787346614, 1.0440576922184825, 1.0372146974862309, 1.0386603428604546, 1.0388017926474218, 1.0341596781308395], "val": [1.2787645718197764, 1.1806472520769378, 0.9086922757419539, 1.043248811217002, 1.099933530886968, 0.9629277139534185, 0.9902698775868357, 0.9339823308550281, 1.0611663615629996, 0.9768058213186853, 0.992476025186939, 0.9578230849018803, 0.9254614425294193]}