{"train": [0.001929186885563298, 0.0017165801480838892, 0.0017014732652636346, 0.0016837741806679642, 0.0016806678360984219, 0.0016784233917063226, 0.0016921705596922452, 0.0016802193609148119, 0.0016729392724470322, 0.0016655735284364398, 0.0016651600512261515, 0.0016620181791381886, 0.001659881635449212, 0.0016588608264103332, 0.0016581089624547512, 0.0016573732278368435], "val": [0.0016919549100422933, 0.0015277440576342706, 0.0015095471539592117, 0.0014973914482124887, 0.0015010030200003565, 0.0014682059348733337, 0.0014816660119255107, 0.0014783966054645493, 0.0015042855960523916, 0.00148021676376416, 0.00147581596493744, 0.0014699576875298387, 0.0014977068292482952, 0.0014781532063217902, 0.0015305191767114549, 0.0014782490740518695]}