{"train": [1.068429397415459, 1.0455347994575483, 1.0425289360632808, 1.05130399168331, 1.0445618208573788, 1.0461559624246717, 1.0392377629995135, 1.0420448289260256, 1.0429308228188103, 1.0377190328850192, 1.035656866100687, 1.0352555890049464, 1.0372135178219881], "val": [0.9497767902450797, 0.930807966582569, 0.9121134728561213, 0.9229545187802962, 1.025162892209159, 0.9470547169079016, 0.9250103436134479, 0.9162252198030919, 0.9142721554379404, 1.0233678159522421, 0.9856935665195371, 0.9687151182580878, 1.013424555828542]}