{"train": [0.00176671498720373, 0.001688991334766956, 0.001671200384160284, 0.0016652255275261115, 0.001669678043122895, 0.0016641291966554383, 0.0016694773263430194, 0.0016604193780668734, 0.0016644326498122107, 0.0016545576399180646, 0.001661382348812991, 0.0016550567288269036, 0.0016550146546561895, 0.0016561011702794096, 0.0016573130350002975, 0.001654628663986571, 0.0016549902639212129, 0.0016552994889434437, 0.0016556891391240557, 0.0016541025762986672, 0.001656456770889375, 0.0016571288402867854, 0.0016531081121917335, 0.0016537811773016838, 0.0016520037600264853, 0.0016540763493469886, 0.0016534203299657568, 0.0016529296435987596, 0.001652452077212708, 0.0016531748135744395, 0.0016517851638054837, 0.0016558700233401224, 0.001650468689392006, 0.0016504995687213952, 0.0016514393481925484], "val": [0.0014825619696811946, 0.0014790628155704909, 0.001473404098601069, 0.0014931150244974335, 0.001500740718314953, 0.001485077701623977, 0.0014774325039283729, 0.0014760370032838833, 0.0014773260825026182, 0.001468215449023302, 0.0014786429895823937, 0.0014738199286691753, 0.0014792255919288705, 0.0014674544883432029, 0.001470878557589503, 0.0014689461011899473, 0.0014672487574617988, 0.0014694927580781096, 0.0014689227077466101, 0.001481577219085101, 0.0014879490251733382, 0.0014650357263392688, 0.0014713883276361926, 0.0014855021441263366, 0.0014644127060302798, 0.0014723492554894844, 0.0014823425049537125, 0.0014727822420141303, 0.0014696039079780472, 0.0014716945893280668, 0.0014663371092202948, 0.001469670657792853, 0.001474508198041377, 0.0014659877604931409, 0.0014671780922116688]}