{"train": [0.002343448447790774, 0.002284204914873365, 0.0022863293182313073, 0.0022722018212443604, 0.0022708243224459942, 0.0022641380566660687, 0.0022665788646590726, 0.002266179973477731, 0.002265946821886228, 0.002265774602048345, 0.0022607800042126146, 0.0022627657565297337, 0.0022745459941079463, 0.0022629362673142524, 0.0022652757176100553, 0.0022618485325426787, 0.002262282860238095, 0.0022530638514055203, 0.0022567483233932504, 0.0022541448353693063, 0.002251365933420191, 0.002254525428768429, 0.0022522023261071058, 0.002252151916082866, 0.002253025834654816, 0.0022490949708883286, 0.0022482912993048647, 0.0022530808137893386, 0.0022502662754471364, 0.0022502079286508036, 0.00224868618844353, 0.002248834389693268, 0.0022471494976217927, 0.0022467610367574624, 0.00224809787769578], "val": [0.001991301756007252, 0.0019863435863459737, 0.001984253125610175, 0.0019890800006342707, 0.0019708369611360042, 0.001982593843943359, 0.0020335989532831275, 0.001972914804175588, 0.002004458627629059, 0.002018748817068559, 0.0019688881243820544, 0.002035041074383498, 0.001987607648918106, 0.0019708964812718793, 0.001968900600367766, 0.0019687623688146288, 0.0019704093489749932, 0.001968113754381552, 0.001985319313754178, 0.001970933165895626, 0.0019936757955562184, 0.001971908985855587, 0.0019844999493755125, 0.00196850447582058, 0.001967537286691368, 0.00197484969092464, 0.0019685516815149675, 0.0019745259080082176, 0.0019785786041828955, 0.0019712088247301218, 0.0019784689498605367, 0.001975701213526873, 0.001972740901530617, 0.0019769645758824033, 0.001975628378352633]}