{
  "baseline_lstm_return": {
    "val_loss": 0.001968188042016585,
    "epoch": 6,
    "overall_mse": 0.0024846887681633234,
    "mse_d1": 0.0008579324930906296,
    "mse_d2": 0.0015706090489402413,
    "mse_d3": 0.0025199989322572947,
    "mse_d4": 0.003362300107255578,
    "mse_d5": 0.004112603142857552
  },
  "baseline_lstm_rolling": {
    "val_loss": 0.0014630847935346357,
    "epoch": 41,
    "overall_mse": 0.0018294074106961489,
    "mse_d1": 0.0003228996356483549,
    "mse_d2": 0.0009222532971762121,
    "mse_d3": 0.0017895855708047748,
    "mse_d4": 0.0026645073667168617,
    "mse_d5": 0.003447791561484337
  },
  "baseline_lstm_signal": {
    "val_loss": 0.926012200705799,
    "epoch": 12,
    "accuracy": 0.7267857142857143,
    "precision": 0.20973782771535582,
    "recall": 0.3708609271523179,
    "f1": 0.2679425837320574,
    "auc": 0.6009677485494023
  },
  "baseline_gru_return": {
    "val_loss": 0.001971493713143799,
    "epoch": 12,
    "overall_mse": 0.0025199749507009983,
    "mse_d1": 0.0008569607161916792,
    "mse_d2": 0.0015599840553477407,
    "mse_d3": 0.0025424400810152292,
    "mse_d4": 0.003453770186752081,
    "mse_d5": 0.004186720587313175
  },
  "baseline_gru_rolling": {
    "val_loss": 0.0014709742458100304,
    "epoch": 5,
    "overall_mse": 0.0018490611109882593,
    "mse_d1": 0.0003558041644282639,
    "mse_d2": 0.0009559356840327382,
    "mse_d3": 0.0017842917004600167,
    "mse_d4": 0.0026660077273845673,
    "mse_d5": 0.003483265871182084
  },
  "baseline_gru_signal": {
    "val_loss": 0.9176341202523973,
    "epoch": 1,
    "accuracy": 0.6678571428571428,
    "precision": 0.18155619596541786,
    "recall": 0.41721854304635764,
    "f1": 0.25301204819277107,
    "auc": 0.5983296769387435
  },
  "A_lstm_return": {
    "val_loss": 0.0019700474582934452,
    "epoch": 22,
    "overall_mse": 0.002487600315362215,
    "mse_d1": 0.0008657104335725307,
    "mse_d2": 0.0015581281622871757,
    "mse_d3": 0.0025091231800615788,
    "mse_d4": 0.0033711502328515053,
    "mse_d5": 0.004133888985961676
  },
  "A_lstm_rolling": {
    "val_loss": 0.0014653302766497673,
    "epoch": 12,
    "overall_mse": 0.0018325202399864793,
    "mse_d1": 0.00032331692636944354,
    "mse_d2": 0.0009242173982784152,
    "mse_d3": 0.001783575164154172,
    "mse_d4": 0.0026887389831244946,
    "mse_d5": 0.0034427521750330925
  },
  "A_lstm_signal": {
    "val_loss": 0.9308459914760825,
    "epoch": 6,
    "accuracy": 0.7321428571428571,
    "precision": 0.19591836734693877,
    "recall": 0.31788079470198677,
    "f1": 0.24242424242424243,
    "auc": 0.5995461970079073
  },
  "A_gru_return": {
    "val_loss": 0.001970021196146622,
    "epoch": 11,
    "overall_mse": 0.002485572127625346,
    "mse_d1": 0.0008624888141639531,
    "mse_d2": 0.0015569579554721713,
    "mse_d3": 0.0025009633973240852,
    "mse_d4": 0.0034510514233261347,
    "mse_d5": 0.004056400153785944
  },
  "A_gru_rolling": {
    "val_loss": 0.001466607925321125,
    "epoch": 17,
    "overall_mse": 0.0018577236915007234,
    "mse_d1": 0.000322690699249506,
    "mse_d2": 0.0009224047535099089,
    "mse_d3": 0.001799283898435533,
    "mse_d4": 0.002725054509937763,
    "mse_d5": 0.0035191846545785666
  },
  "A_gru_signal": {
    "val_loss": 0.915981740495305,
    "epoch": 2,
    "accuracy": 0.6553571428571429,
    "precision": 0.18498659517426275,
    "recall": 0.45695364238410596,
    "f1": 0.2633587786259542,
    "auc": 0.5983706832332096
  },
  "B_lstm_return": {
    "val_loss": 0.0019687683652097614,
    "epoch": 7,
    "overall_mse": 0.002471537096425891,
    "mse_d1": 0.0008555190288461745,
    "mse_d2": 0.0015671743312850595,
    "mse_d3": 0.002502650022506714,
    "mse_d4": 0.0033488806802779436,
    "mse_d5": 0.004083461593836546
  },
  "B_lstm_rolling": {
    "val_loss": 0.001464132151141027,
    "epoch": 8,
    "overall_mse": 0.001833018264733255,
    "mse_d1": 0.0003241783124394715,
    "mse_d2": 0.0009221044019795954,
    "mse_d3": 0.0017891122261062264,
    "mse_d4": 0.002684292383491993,
    "mse_d5": 0.00344540411606431
  },
  "B_lstm_signal": {
    "val_loss": 0.9248572609306853,
    "epoch": 9,
    "accuracy": 0.7,
    "precision": 0.19063545150501673,
    "recall": 0.37748344370860926,
    "f1": 0.25333333333333335,
    "auc": 0.6017673712914933
  },
  "B_gru_return": {
    "val_loss": 0.001966379772020895,
    "epoch": 14,
    "overall_mse": 0.0024968613870441914,
    "mse_d1": 0.000856399885378778,
    "mse_d2": 0.001584894023835659,
    "mse_d3": 0.0025242753326892853,
    "mse_d4": 0.0034094415605068207,
    "mse_d5": 0.00410929461941123
  },
  "B_gru_rolling": {
    "val_loss": 0.0014664548646118262,
    "epoch": 6,
    "overall_mse": 0.0018148351227864623,
    "mse_d1": 0.00032293115509673953,
    "mse_d2": 0.0009168831165879965,
    "mse_d3": 0.0017757323803380132,
    "mse_d4": 0.0026438094209879637,
    "mse_d5": 0.003414819948375225
  },
  "B_gru_signal": {
    "val_loss": 0.9197814251905606,
    "epoch": 9,
    "accuracy": 0.6883928571428571,
    "precision": 0.18471337579617833,
    "recall": 0.3841059602649007,
    "f1": 0.24946236559139784,
    "auc": 0.6011796144041444
  },
  "C_lstm_return": {
    "val_loss": 0.0019661762435449126,
    "epoch": 29,
    "overall_mse": 0.0024799222592264414,
    "mse_d1": 0.0008563441806472838,
    "mse_d2": 0.0015652547590434551,
    "mse_d3": 0.0025196815840899944,
    "mse_d4": 0.0033739563077688217,
    "mse_d5": 0.004084373824298382
  },
  "C_lstm_rolling": {
    "val_loss": 0.0014655539162319016,
    "epoch": 14,
    "overall_mse": 0.0018368136370554566,
    "mse_d1": 0.0003252169117331505,
    "mse_d2": 0.000923159415833652,
    "mse_d3": 0.0018053448293358088,
    "mse_d4": 0.0026987327728420496,
    "mse_d5": 0.0034316147211939096
  },
  "C_lstm_signal": {
    "val_loss": 0.9113862847104485,
    "epoch": 2,
    "accuracy": 0.5723214285714285,
    "precision": 0.17588932806324112,
    "recall": 0.5894039735099338,
    "f1": 0.2709284627092846,
    "auc": 0.5995393626254963
  },
  "C_gru_return": {
    "val_loss": 0.001986344630634527,
    "epoch": 2,
    "overall_mse": 0.002548097399994731,
    "mse_d1": 0.0008962166029959917,
    "mse_d2": 0.001564315869472921,
    "mse_d3": 0.0026589452754706144,
    "mse_d4": 0.003488051239401102,
    "mse_d5": 0.004132958594709635
  },
  "C_gru_rolling": {
    "val_loss": 0.0014671787483054271,
    "epoch": 18,
    "overall_mse": 0.0018516613636165857,
    "mse_d1": 0.00033053444349206984,
    "mse_d2": 0.0009299857192672789,
    "mse_d3": 0.0018163529457524419,
    "mse_d4": 0.0026859224308282137,
    "mse_d5": 0.0034955106675624847
  },
  "C_gru_signal": {
    "val_loss": 0.9112160529619382,
    "epoch": 3,
    "accuracy": 0.425,
    "precision": 0.1609353507565337,
    "recall": 0.7748344370860927,
    "f1": 0.26651480637813213,
    "auc": 0.6001271195128451
  },
  "D_lstm_return": {
    "val_loss": 0.001967537286691368,
    "epoch": 25,
    "overall_mse": 0.002486366545781493,
    "mse_d1": 0.0008574132807552814,
    "mse_d2": 0.0015825483715161681,
    "mse_d3": 0.002514434978365898,
    "mse_d4": 0.003385378047823906,
    "mse_d5": 0.004092058166861534
  },
  "D_lstm_rolling": {
    "val_loss": 0.0014644127060302798,
    "epoch": 25,
    "overall_mse": 0.0018244811799377203,
    "mse_d1": 0.00032452665618620813,
    "mse_d2": 0.0009188576368615031,
    "mse_d3": 0.0017911948962137103,
    "mse_d4": 0.0026534292846918106,
    "mse_d5": 0.003434397978708148
  },
  "D_lstm_signal": {
    "val_loss": 0.9121134728561213,
    "epoch": 3,
    "accuracy": 0.4928571428571429,
    "precision": 0.15650741350906094,
    "recall": 0.6291390728476821,
    "f1": 0.25065963060686014,
    "auc": 0.6000041006294465
  },
  "D_gru_return": {
    "val_loss": 0.0019691143015307592,
    "epoch": 11,
    "overall_mse": 0.0024772770702838898,
    "mse_d1": 0.0008537504472769797,
    "mse_d2": 0.001555951894260943,
    "mse_d3": 0.0025145472027361393,
    "mse_d4": 0.003392773913219571,