{"train": [0.0025104315006302235, 0.002308512184645579, 0.002314272219874626, 0.002289265664476164, 0.00228271718581555, 0.002278732431898788, 0.0022754698717419616, 0.0022925138943303896, 0.0022717429880100733, 0.0022679747080640287, 0.0022657623005900352, 0.002263415384683973, 0.0022675290104859536, 0.0022682994383882264, 0.0022611782389437615, 0.0022634439645111957, 0.002263888851355203, 0.0022620299610701003, 0.0022630935911764328, 0.002256282489755486, 0.002258039327536564], "val": [0.002136775353681986, 0.002025505593104035, 0.002035965804401555, 0.002013109278589211, 0.00207350148393968, 0.0020481072765786523, 0.0022075198194081032, 0.0019831771741011814, 0.0019767364728505966, 0.001988972179637647, 0.0019691143015307592, 0.0020361684814647393, 0.0020894797510226017, 0.0019811637139085818, 0.001975869204573057, 0.0019760866267146703, 0.0020014262022335586, 0.0020276913062933785, 0.0019847550311551236, 0.0019867329717395297, 0.001980127511764474]}