{"train": [0.002363256883857889, 0.0023052189635284766, 0.0022732817223287305, 0.0022805810461920695, 0.002270821110725968, 0.0022699751176899455, 0.002264516630450457, 0.002265370901700476, 0.002264363551677635, 0.0022632621103086193, 0.002260589242450886, 0.002278361574456611, 0.0022593459171038896, 0.0022572242992020277, 0.002254289985959151, 0.0022563585011462477, 0.002255174177083143], "val": [0.0019835457930134403, 0.00198695361269293, 0.0020518750337492906, 0.002035798783770498, 0.0019769949180269497, 0.002015508903638908, 0.0019687683652097614, 0.0019763404187274937, 0.001992842564244329, 0.0020206299782903107, 0.0019718425776694476, 0.0019940486755567017, 0.002027927940412436, 0.001975938344926194, 0.00197895559206329, 0.0019790921489604646, 0.0019839449915000132]}